job_id,num_gpu,submit_time,iterations,model_name,duration,interval,liar,user_id
0,4,2,66,resnet152,126,15,False,11
1,1,30,133,vgg11,147,23,False,10
2,2,53,157,inception4,127,26,False,9
3,1,79,347,vgg16,180,28,False,8
4,4,89,610,vgg16,1600,28,True,7
5,4,97,490,alexnet,120,34,False,6
6,1,101,510,vgg16,403,28,False,5
7,4,115,876,vgg16,480,28,False,4
8,4,144,1000,vgg16,180,28,False,3
9,1,252,822,resnet50,126,30,False,2
10,1,282,1501,resnet50,230,29,False,1
